{"cameraMode":{"drawMode":0,"name":"Shaded","section":"Shading Mode"},"sceneLighting":false,"audioPlay":false,"sceneViewState":{"showFog":true,"showMaterialUpdate":false,"showSkybox":true,"showFlares":true,"showImageEffects":true,"showParticleSystems":true},"in2DMode":false,"pivot":{"x":-0.6199999451637268,"y":1.100000023841858,"z":7.309999942779541},"rotation":{"x":0.27413323521614077,"y":-0.36908796429634097,"z":0.11490122228860855,"w":0.8805809617042542},"size":8.573651313781739,"orthographic":false}